{
  "canonical_floats": [1.0, 0.5, 0.1, -0.5, 3.141592653589793, 0.30000000000000004, 0.6666666666666666, 2.220446049250313e-16],
  "zeros": [0, -0.0, 0.0, 0.0],
  "threshold_fixed_high": [1000000000000000.0, 9007199254740992.0, 9999999999999998.0],
  "threshold_sci_high": [1e+16, 1.5e+16, 1e+17, 1.7976931348623157e+308],
  "threshold_fixed_low": [0.0001, 0.001, 0.01],
  "threshold_sci_low": [1e-05, 1e-06, 2.5e-05, 5e-324, 2.2250738585072014e-308],
  "large_ints": [9007199254740992, 9007199254740993, -9007199254740993, 9223372036854775807, -9223372036854775808, 18446744073709551615],
  "small_ints": [0, 1, -1, 42, -42, 1000000],
  "integer_valued_floats": [1.0, 100000.0, 123456789.0, -2.0, 4096.0],
  "design_like": [12.5, 800.0, 0.75, 1.25, 33.333333333333336, 216.47058823529412, 0.5882352941176471]
}
